<?xml version="1.0" encoding="UTF-8"?>
 <!DOCTYPE tiles-definitions PUBLIC
  "-//Apache Software Foundation//DTD Tiles Configuration 3.0//EN" 
  "http://tiles.apache.org/dtds/tiles-config_3_0.dtd">

<tiles-definitions>
	<definition name="login.definition" template="/WEB-INF/templates/login/logintemplate.jsp">
		<put-attribute name="title" value="Login" />
		<put-attribute name="header" value="/WEB-INF/templates/login/header.jsp" />
		<put-attribute name="menu" value="/WEB-INF/templates/login/menu.jsp" />
		<put-attribute name="body" value="" />
		<put-attribute name="footer" value="/WEB-INF/templates/login/footer.jsp" />
	</definition>
	
	<definition name="default.definition" template="/WEB-INF/templates/default/defaulttemplate.jsp">
		<put-attribute name="title" value="" />
		<put-attribute name="header" value="/WEB-INF/templates/default/header.jsp" />
		<put-attribute name="sidebar" value="/WEB-INF/templates/default/sidebar.jsp" />
		<put-attribute name="body" value="" />
		<put-attribute name="footer" value="/WEB-INF/templates/default/footer.jsp" />
	</definition>
	<definition name="blank.definition" template="/WEB-INF/templates/blank/blanktemplate.jsp">
		<put-attribute name="body" value="" />
	</definition>
</tiles-definitions>