<?xml version="1.0" encoding="UTF-8"?>
 <!DOCTYPE tiles-definitions PUBLIC
  "-//Apache Software Foundation//DTD Tiles Configuration 3.0//EN" 
  "http://tiles.apache.org/dtds/tiles-config_3_0.dtd">

<tiles-definitions>
	<definition name="login/login" extends="login.definition">
		<put-attribute name="title" value="Admin Login" />
		<put-attribute name="body" value="/WEB-INF/views/login/login.jsp" />
	</definition>
	
	<definition name="login/forgot" extends="login.definition">
		<put-attribute name="title" value="Admin Forgot Password" />
		<put-attribute name="body" value="/WEB-INF/views/login/forgotpassword.jsp" />
	</definition>
	
	<definition name="login/reset" extends="login.definition">
		<put-attribute name="title" value="Admin Reset Password" />
		<put-attribute name="body" value="/WEB-INF/views/login/resetpassword.jsp" />
	</definition>
	
	<definition name="login/expired" extends="login.definition">
		<put-attribute name="title" value="Admin Reset Password" />
		<put-attribute name="body" value="/WEB-INF/views/login/link-expired.jsp" />
	</definition>

	<definition name="page/notfound" extends="login.definition">
		<put-attribute name="title" value="Not Found Page" />
		<put-attribute name="body" value="/WEB-INF/views/404.jsp" />
	</definition>
	
	<definition name="error/error" extends="login.definition">
		<put-attribute name="title" value="Error Page" />
		<put-attribute name="body" value="/WEB-INF/views/error.jsp" />
	</definition>
	
	<definition name="unauthorized/unauthorized" extends="login.definition">
		<put-attribute name="title" value="UnAuthorized Page" />
		<put-attribute name="body" value="/WEB-INF/views/unauthorized.jsp" />
	</definition>
	
	<definition name="home/home" extends="default.definition">
		<put-attribute name="title" value="Dashboard" />
		<put-attribute name="body" value="/WEB-INF/views/home/home.jsp" />
	</definition>
	
	<!-- admin -->
	<definition name="user/user" extends="default.definition">
		<put-attribute name="title" value="Add SubAdmin" />
		<put-attribute name="body" value="/WEB-INF/views/user/user.jsp" />
	</definition>

	<definition name="user/view" extends="default.definition">
		<put-attribute name="title" value="Manage Sub-Admins &amp; Analysts" />
		<put-attribute name="body" value="/WEB-INF/views/user/view.jsp" />
	</definition>
	
	<definition name="user/viewdetail" extends="default.definition">
		<put-attribute name="title" value="View User Detail" />
		<put-attribute name="body" value="/WEB-INF/views/user/viewUserDetail.jsp" />
	</definition>
	
	<definition name="user/changepassword" extends="default.definition">
		<put-attribute name="title" value="Change Password" />
		<put-attribute name="body" value="/WEB-INF/views/user/change-password.jsp" />
	</definition>
	
	<definition name="user/profile" extends="default.definition">
		<put-attribute name="title" value="Profile" />
		<put-attribute name="body" value="/WEB-INF/views/user/profile.jsp" />
	</definition>

	<!-- Eps -->
	<definition name="eps/ViewEps" extends="default.definition">
		<put-attribute name="title" value="EPS Detail" />
		<put-attribute name="body" value="/WEB-INF/views/eps/ViewEps.jsp" />
	</definition>
	
	<!-- User -->
	<definition name="affiliates/affiliates" extends="default.definition">
		<put-attribute name="title" value="Affiliates Detail" />
		<put-attribute name="body" value="/WEB-INF/views/affiliates/affiliates.jsp" />
	</definition>
	<definition name="affiliates/viewAffiliates" extends="default.definition">
		<put-attribute name="title" value="Affiliates Detail" />
		<put-attribute name="body" value="/WEB-INF/views/affiliates/viewAffiliates.jsp" />
	</definition>
	<definition name="affiliates/viewAppointment" extends="default.definition">
		<put-attribute name="title" value="Affiliates Appointment Detail" />
		<put-attribute name="body" value="/WEB-INF/views/affiliates/viewAppointment.jsp" />
	</definition>
	<definition name="affiliates/viewWaiting" extends="default.definition">
		<put-attribute name="title" value="Affiliates WaitingList Detail" />
		<put-attribute name="body" value="/WEB-INF/views/affiliates/viewWaiting.jsp" />
	</definition>

	<!-- Cancellation -->
	<definition name="cancel/viewCancel" extends="default.definition">
		<put-attribute name="title" value="Cancel Detail" />
		<put-attribute name="body" value="/WEB-INF/views/cancel/viewCancel.jsp" />
	</definition>
	
	<!-- Subject -->
	<definition name="subject/viewsubject" extends="default.definition">
		<put-attribute name="title" value="Subject Detail" />
		<put-attribute name="body" value="/WEB-INF/views/subject/viewsubject.jsp" />
	</definition>
	
	<!-- Location -->
	<definition name="location/viewlocation" extends="default.definition">
		<put-attribute name="title" value="Location Detail" />
		<put-attribute name="body" value="/WEB-INF/views/location/viewLocation.jsp" />
	</definition>
	
	<!-- Doctor -->
	<definition name="doctor/doctor" extends="default.definition">
		<put-attribute name="title" value="Doctors Detail" />
		<put-attribute name="body" value="/WEB-INF/views/doctor/doctor.jsp" />
	</definition>
	<definition name="doctor/addDoctor" extends="default.definition">
		<put-attribute name="title" value="Add Doctors" />
		<put-attribute name="body" value="/WEB-INF/views/doctor/addDoctor.jsp" />
	</definition>
	<definition name="doctor/editDoctor" extends="default.definition">
		<put-attribute name="title" value="Edit Doctors" />
		<put-attribute name="body" value="/WEB-INF/views/doctor/editDoctor.jsp" />
	</definition>
	<definition name="doctor/viewDoctor" extends="default.definition">
		<put-attribute name="title" value="View Doctor Detail" />
		<put-attribute name="body" value="/WEB-INF/views/doctor/viewDoctor.jsp" />
	</definition>
	<definition name="doctor/viewDoctorAppointment" extends="default.definition">
		<put-attribute name="title" value="Doctor Appointment Detail" />
		<put-attribute name="body" value="/WEB-INF/views/doctor/viewDoctorAppointment.jsp" />
	</definition>
	<definition name="doctor/viewDoctorSchedule" extends="default.definition">
		<put-attribute name="title" value="Doctor Scheduler Detail" />
		<put-attribute name="body" value="/WEB-INF/views/doctor/viewDoctorSchedule.jsp" />
	</definition>

	<!-- Category -->
	<definition name="category/category" extends="default.definition">
		<put-attribute name="title" value="Category Details" />
		<put-attribute name="body" value="/WEB-INF/views/category/category.jsp" />
	</definition>
	<definition name="category/addConsultionsCategory" extends="default.definition">
		<put-attribute name="title" value="Add Consultions Category" />
		<put-attribute name="body" value="/WEB-INF/views/category/addConsultionsCategory.jsp" />
	</definition>
	<definition name="category/editConsultionsCategory" extends="default.definition">
		<put-attribute name="title" value="Edit Consultions Category" />
		<put-attribute name="body" value="/WEB-INF/views/category/editConsultionsCategory.jsp" />
	</definition>
	<definition name="category/addProcedureCategory" extends="default.definition">
		<put-attribute name="title" value="Add Procedure Category" />
		<put-attribute name="body" value="/WEB-INF/views/category/addProcedureCategory.jsp" />
	</definition>
	<definition name="category/editProcedureCategory" extends="default.definition">
		<put-attribute name="title" value="Edit Procedure Category" />
		<put-attribute name="body"
			value="/WEB-INF/views/category/editProcedureCategory.jsp" />
	</definition>
	<definition name="category/viewConsultionsCategory" extends="default.definition">
		<put-attribute name="title" value="View Consultions Category" />
		<put-attribute name="body" value="/WEB-INF/views/category/viewConsultionsCategory.jsp" />
	</definition>
	<definition name="category/viewProcedureCategory" extends="default.definition">
		<put-attribute name="title" value="View Procedure Category" />
		<put-attribute name="body" value="/WEB-INF/views/category/viewProcedureCategory.jsp" />
	</definition>
	
	<!-- CMS -->
	<definition name="cms/viewCms" extends="default.definition">
		<put-attribute name="title" value="CMS Detail" />
		<put-attribute name="body" value="/WEB-INF/views/cms/viewCms.jsp" />
	</definition>

	<definition name="cms/editCms" extends="default.definition">
		<put-attribute name="title" value="Edit CMS" />
		<put-attribute name="body" value="/WEB-INF/views/cms/editCms.jsp" />
	</definition>

	<definition name="cms/addCms" extends="default.definition">
		<put-attribute name="title" value="Add CMS" />
		<put-attribute name="body" value="/WEB-INF/views/cms/addCms.jsp" />
	</definition>

	<definition name="cms/viewtnc" extends="default.definition">
		<put-attribute name="title" value="View CMS Details" />
		<put-attribute name="body" value="/WEB-INF/views/cms/viewtnc.jsp" />
	</definition>
	
	<!-- FAQs -->
	<definition name="faq/addFaq" extends="default.definition">
		<put-attribute name="title" value="Add FAQ" />
		<put-attribute name="body" value="/WEB-INF/views/faq/addfaq.jsp" />
	</definition>
	
	<definition name="faq/viewAllFaq" extends="default.definition">
		<put-attribute name="title" value="FAQ Detail" />
		<put-attribute name="body" value="/WEB-INF/views/faq/viewallfaq.jsp" />
	</definition>
	
	<definition name="faq/viewFaq" extends="default.definition">
		<put-attribute name="title" value="View FAQ Details" />
		<put-attribute name="body" value="/WEB-INF/views/faq/viewfaq.jsp" />
	</definition>
	
	<definition name="faq/editFaq" extends="default.definition">
		<put-attribute name="title" value="Edit FAQ" />
		<put-attribute name="body" value="/WEB-INF/views/faq/editfaq.jsp" />
	</definition>
	
	<!-- Role -->
	<definition name="role/view" extends="default.definition">
		<put-attribute name="title" value="Roles" />
		<put-attribute name="body" value="/WEB-INF/views/role/view.jsp" />
	</definition>

	<definition name="role/role" extends="default.definition">
		<put-attribute name="title" value="Add Role" />
		<put-attribute name="body" value="/WEB-INF/views/role/role.jsp" />
	</definition>
	
	<definition name="role/view-role" extends="default.definition">
		<put-attribute name="title" value="View Role" />
		<put-attribute name="body" value="/WEB-INF/views/role/view-role.jsp" />
	</definition>
	
	<!-- Costing -->
	<definition name="costing/list" extends="default.definition">
		<put-attribute name="title" value="Manage Costing" />
		<put-attribute name="body" value="/WEB-INF/views/costing/costing-list.jsp" />
	</definition>
	<definition name="costing/add" extends="default.definition">
		<put-attribute name="title" value="Add Costing" />
		<put-attribute name="body" value="/WEB-INF/views/costing/costing-add.jsp" />
	</definition>
	
	<!-- Notifications -->
	<definition name="notification/list" extends="default.definition">
		<put-attribute name="title" value="Notifications" />
		<put-attribute name="body" value="/WEB-INF/views/notifications/notifications-list.jsp" />
	</definition>
	<definition name="notification/send" extends="default.definition">
		<put-attribute name="title" value="Send Notifications" />
		<put-attribute name="body" value="/WEB-INF/views/notifications/notifications-send.jsp" />
	</definition>
	<definition name="notification/notifications" extends="blank.definition">
		<put-attribute name="body" value="/WEB-INF/views/notifications/notifications.jsp" />
	</definition>
	
	<!-- Profile -->
	<definition name="profile/viewmyprofile" extends="default.definition">
		<put-attribute name="title" value="My Profile" />
		<put-attribute name="body" value="/WEB-INF/views/user/myProfile.jsp" />
	</definition>
	
	<definition name="profile/editprofile" extends="default.definition">
		<put-attribute name="title" value="Edit Profile" />
		<put-attribute name="body" value="/WEB-INF/views/user/editProfile.jsp" />
	</definition>
	
	<definition name="appointment/schedule" extends="default.definition">
		<put-attribute name="title" value="Appointment Schedule" />
		<put-attribute name="body" value="/WEB-INF/views/appointment/appointment-schedule.jsp" />
	</definition>
	
	<definition name="appointment/requests" extends="default.definition">
		<put-attribute name="title" value="Appointment Requests" />
		<put-attribute name="body" value="/WEB-INF/views/appointment/appointment-requests.jsp" />
	</definition>
	
	<definition name="appointment/view-request" extends="default.definition">
		<put-attribute name="title" value="Appointment Request" />
		<put-attribute name="body" value="/WEB-INF/views/appointment/appointment-request-view.jsp" />
	</definition>
	
	<definition name="appointment/view" extends="default.definition">
		<put-attribute name="title" value="View Appointment" />
		<put-attribute name="body" value="/WEB-INF/views/appointment/appointment-view.jsp" />
	</definition>
	
	<definition name="appointment/list" extends="default.definition">
		<put-attribute name="title" value="Manage Appointment" />
		<put-attribute name="body" value="/WEB-INF/views/appointment/appointment-list.jsp" />
	</definition>
	
	<definition name="appointment/appointments" extends="default.definition">
		<put-attribute name="title" value="Manage Appointment" />
		<put-attribute name="body" value="/WEB-INF/views/appointment/appointment-list.jsp" />
	</definition>
	
	<definition name="appointment/wailists" extends="default.definition">
		<put-attribute name="title" value="Waitlists" />
		<put-attribute name="body" value="/WEB-INF/views/appointment/waitlists.jsp" />
	</definition>
	
	<definition name="appointment/wailists-view" extends="default.definition">
		<put-attribute name="title" value="View Waitlists" />
		<put-attribute name="body" value="/WEB-INF/views/appointment/wailists-view.jsp" />
	</definition>
	
	<definition name="appointment/cancellations" extends="default.definition">
		<put-attribute name="title" value="View Cancellations" />
		<put-attribute name="body" value="/WEB-INF/views/appointment/cancellations.jsp" />
	</definition>
	
	<definition name="appointment/cancellation-view" extends="default.definition">
		<put-attribute name="title" value="View Cancellations" />
		<put-attribute name="body" value="/WEB-INF/views/appointment/cancellation-view.jsp" />
	</definition>
	
	<!-- appointment Schedule -->
	<definition name="schedule/list" extends="default.definition">
		<put-attribute name="title" value="Schedule Requests" />
		<put-attribute name="body" value="/WEB-INF/views/appointment-scheduling/list-schedule.jsp" />
	</definition>
	
	<definition name="schedule/add" extends="default.definition">
		<put-attribute name="title" value="Add Schedule" />
		<put-attribute name="body" value="/WEB-INF/views/appointment-scheduling/add-schedule.jsp" />
	</definition>
	
	<definition name="schedule/view" extends="default.definition">
		<put-attribute name="title" value="View Schedule" />
		<put-attribute name="body" value="/WEB-INF/views/appointment-scheduling/view-schedule.jsp" />
	</definition>
	
	<definition name="manage-schedule/viewall" extends="default.definition">
		<put-attribute name="title" value="Manage Schedule" />
		<put-attribute name="body" value="/WEB-INF/views/manage-schedule/manageSchedule.jsp" />
	</definition>
	
	<definition name="manage-schedule/view" extends="default.definition">
		<put-attribute name="title" value="View Schedule" />
		<put-attribute name="body" value="/WEB-INF/views/manage-schedule/viewSchedule.jsp" />
	</definition>
	
	<!-- add Schedule -->
	
	<definition name="add-schedule/add" extends="default.definition">
		<put-attribute name="title" value="View Schedule" />
		<put-attribute name="body" value="/WEB-INF/views/add-schedule/addNewSchedule.jsp" />
	</definition>
	
</tiles-definitions>