<?xml version="1.0" encoding="UTF-8"?>
<beans xmlns="http://www.springframework.org/schema/beans"
	xmlns:xsi="http://www.w3.org/2001/XMLSchema-instance"
	xmlns:tx="http://www.springframework.org/schema/tx"
	xsi:schemaLocation="http://www.springframework.org/schema/beans
		http://www.springframework.org/schema/beans/spring-beans.xsd
		http://www.springframework.org/schema/tx http://www.springframework.org/schema/tx/spring-tx.xsd">

	<bean id="dataSourceLocal"
		class="com.mchange.v2.c3p0.ComboPooledDataSource"
		destroy-method="close">
		<property name="driverClass"
			value="${jdbc.driverClass.local}" />
		<property name="jdbcUrl" value="${jdbc.url.local}" />
		<property name="user" value="${jdbc.username.local}" />
		<property name="password" value="${jdbc.password.local}" />
		<property name="automaticTestTable" value="C3p0TestTable" />
		<property name="initialPoolSize" value="0" />
		<property name="maxPoolSize" value="15" />
		<property name="minPoolSize" value="5" />
		<property name="acquireIncrement" value="3" />
		<property name="acquireRetryAttempts" value="15" />
		<property name="acquireRetryDelay" value="1000" />
		<property name="idleConnectionTestPeriod" value="100" />
		<property name="unreturnedConnectionTimeout" value="3600" />
		<property name="maxIdleTime" value="1800" />
	</bean>

	<bean id="entityManagerFactoryBeanLocal"
		class="org.springframework.orm.jpa.LocalContainerEntityManagerFactoryBean">
		<property name="loadTimeWeaver">
			<bean
				class="org.springframework.instrument.classloading.InstrumentationLoadTimeWeaver" />
		</property>
		<property name="packagesToScan"
			value="com.peer.scenity.entity.local" />
		<property name="dataSource" ref="dataSourceLocal" />
		<property name="persistenceUnitName" value="localPersistance" />
		<property name="jpaVendorAdapter">
			<bean
				class="org.springframework.orm.jpa.vendor.HibernateJpaVendorAdapter" />
		</property>
		<property name="jpaProperties">
			<props>
				<prop key="hibernate.hbm2ddl.auto">${hibernate.hbm2ddl.auto.local}</prop>
				<prop key="hibernate.dialect">${hibernate.dialect.local}</prop>
				<prop key="hibernate.show_sql">${hibernate.show_sql.local}</prop>
			</props>
		</property>
	</bean>

	<bean id="transactionManagerLocal"
		class="org.springframework.orm.jpa.JpaTransactionManager">
		<property name="entityManagerFactory"
			ref="entityManagerFactoryBeanLocal" />
	</bean>

	<tx:annotation-driven
		transaction-manager="transactionManagerLocal" />

	<!-- Zeus Configuration -->

	<!-- <bean id="dataSourceZeus"
		class="org.springframework.jdbc.datasource.DriverManagerDataSource">
		<property name="driverClassName" value="${jdbc.driverClass}" />
		<property name="url" value="${jdbc.url}" />
		<property name="username" value="${jdbc.username}" />
		<property name="password" value="${jdbc.password}" />
	</bean> -->

	<bean id="dataSourceZeus"
		class="com.mchange.v2.c3p0.ComboPooledDataSource" destroy-method="close">
		<property name="driverClass" value="${jdbc.driverClass}" />
		<property name="jdbcUrl" value="${jdbc.url}" />
		<property name="user" value="${jdbc.username}" />
		<property name="password" value="${jdbc.password}" />
		<property name="initialPoolSize" value="0" />
		<property name="maxPoolSize" value="15" />
		<property name="minPoolSize" value="5" />
		<property name="acquireIncrement" value="3" />
		<property name="acquireRetryAttempts" value="15" />
		<property name="acquireRetryDelay" value="1000" />
		<property name="idleConnectionTestPeriod" value="100" />
		<property name="unreturnedConnectionTimeout" value="3600" />
		<property name="maxIdleTime" value="1800" />
	</bean>

	<bean id="entityManagerFactoryBeanZeus"
		class="org.springframework.orm.jpa.LocalContainerEntityManagerFactoryBean">
		<property name="packagesToScan"
			value="com.peer.scenity.entity.zeus" />
		<property name="dataSource" ref="dataSourceZeus" />
		<property name="persistenceUnitName" value="zeusPersistence" />
		<property name="jpaVendorAdapter">
			<bean
				class="org.springframework.orm.jpa.vendor.HibernateJpaVendorAdapter" />
		</property>
		<property name="jpaProperties">
			<props>
				<prop key="hibernate.dialect">${hibernate.dialect}</prop>
				<prop key="hibernate.show_sql">${hibernate.show_sql}</prop>
			</props>
		</property>
	</bean>

	<bean id="transactionManagerZeus"
		class="org.springframework.orm.jpa.JpaTransactionManager">
		<property name="entityManagerFactory"
			ref="entityManagerFactoryBeanZeus" />
	</bean>

	<tx:annotation-driven
		transaction-manager="transactionManagerZeus" />


</beans>