<?xml version="1.0" encoding="UTF-8"?>
<beans xmlns="http://www.springframework.org/schema/beans"
	xmlns:xsi="http://www.w3.org/2001/XMLSchema-instance"
	xmlns:context="http://www.springframework.org/schema/context"
	xmlns:aop="http://www.springframework.org/schema/aop"
	xmlns:mvc="http://www.springframework.org/schema/mvc"
	xmlns:tx="http://www.springframework.org/schema/tx"
	xsi:schemaLocation="http://www.springframework.org/schema/mvc http://www.springframework.org/schema/mvc/spring-mvc-3.2.xsd
		http://www.springframework.org/schema/beans http://www.springframework.org/schema/beans/spring-beans.xsd
		http://www.springframework.org/schema/tx http://www.springframework.org/schema/tx/spring-tx-3.2.xsd
		http://www.springframework.org/schema/context http://www.springframework.org/schema/context/spring-context-3.2.xsd
		http://www.springframework.org/schema/aop http://www.springframework.org/schema/aop/spring-aop.xsd">

	<bean id="messageSource"
		class="org.springframework.context.support.ReloadableResourceBundleMessageSource">
		<property name="basename" value="classpath:content/Language" />
		<property name="defaultEncoding" value="UTF-8" />
	</bean>

	<bean id="localeResolver"
		class="org.springframework.web.servlet.i18n.CookieLocaleResolver">
		<property name="defaultLocale" value="en_US" />
		<property name="cookieName" value="userLocale"></property>
		<property name="cookieMaxAge" value="36000"></property>
	</bean>

	<mvc:interceptors>
		<bean class="org.springframework.web.servlet.i18n.LocaleChangeInterceptor">
			<property name="paramName" value="lang" />
		</bean>
	</mvc:interceptors>

	<bean class="org.springframework.web.multipart.commons.CommonsMultipartResolver" id="multipartResolver"></bean>
	
	<bean class="com.peer.scenity.util.SessionUtil">
		<property name="localeResolver" ref="localeResolver"></property>
	</bean>
	
	<bean class="com.peer.scenity.util.NotificationUtil">
		<property name="notificationsService" ref="notificationsService"></property>
	</bean>

	<bean class="com.peer.doctor.listener.PeerFilter">
		<property name="allowedUrlList">
			<list>
				<value>/login</value>
				<value>/validate</value>
				<value>/logout</value>
				<value>/notifications/remote</value>
				<value>/error</value>
				<value>/404</value>
			</list>
		</property>
		<property name="userService" ref="userService"></property>
	</bean>
</beans>